,arrival_time,departure_time,initial_SOC,desired_SOC,battery_capacity
0,9.4,13.5,17,45,64
1,7.6,11.3,28,55,45
2,8.3,12.8,28,73,77
3,8.3,12.3,38,48,36
4,9.3,15.9,46,96,45
5,9.6,12.8,35,96,100
6,11.7,15.799999999999999,49,88,50
7,7.3,11.399999999999999,40,64,45
8,9.3,14.8,48,93,77
9,6.8,10.7,48,63,66
