,arrival_time,departure_time,initial_SOC,desired_SOC,battery_capacity
0,10.9,16.5,28,50,64
1,11.4,13.4,41,51,42
2,15.2,19.299999999999997,23,79,45
3,10.8,14.200000000000001,38,94,85
4,10.3,13.4,19,77,74
5,16.5,19.6,16,93,52
6,7.7,9.8,21,74,50
7,16.4,20.0,21,31,100
8,7.2,9.9,15,47,36
9,13.8,16.6,27,37,100
