,arrival_time,departure_time,initial_SOC,desired_SOC,battery_capacity
0,9.2,14.2,46,84,64
1,7.8,10.9,26,51,66
2,10.9,15.0,15,50,50
3,8.0,12.2,28,72,100
4,11.2,15.799999999999999,41,74,36
5,11.7,16.2,31,79,50
6,6.7,10.1,43,92,50
7,9.8,13.200000000000001,36,59,64
8,9.2,14.299999999999999,37,74,77
9,10.0,13.8,38,50,74
