,arrival_time,departure_time,initial_SOC,desired_SOC,battery_capacity
0,8.2,11.299999999999999,18,61,52
1,9.4,12.600000000000001,47,95,50
2,13.8,18.700000000000003,49,95,100
3,16.5,20.4,25,39,45
4,11.5,15.1,26,53,66
5,15.4,19.4,46,88,75
6,12.5,16.5,41,74,64
7,12.5,16.7,20,49,52
8,15.1,19.3,24,44,75
9,9.0,16.3,17,78,45
