,arrival_time,departure_time,initial_SOC,desired_SOC,battery_capacity
0,7.8,11.5,23,86,45
1,9.7,13.2,22,57,50
2,7.8,13.8,35,50,45
3,9.4,13.100000000000001,49,93,50
4,7.7,10.8,34,97,100
5,6.6,10.399999999999999,37,52,77
6,10.0,14.8,27,81,66
7,6.1,9.5,49,99,42
8,8.3,12.9,36,49,85
9,8.3,12.0,24,99,45
