,arrival_time,departure_time,initial_SOC,desired_SOC,battery_capacity
0,9.5,13.0,37,87,36
1,11.5,16.2,24,66,45
2,11.7,18.799999999999997,30,63,75
3,8.4,11.7,49,77,50
4,9.1,12.8,25,89,50
5,8.6,12.1,26,55,36
6,7.0,12.5,32,47,50
7,12.8,17.200000000000003,24,55,66
8,12.0,16.1,44,59,77
9,9.2,13.6,28,89,77
