,arrival_time,departure_time,initial_SOC,desired_SOC,battery_capacity
0,15.9,19.3,29,92,85
1,10.3,13.100000000000001,45,80,36
2,6.2,8.5,24,95,100
3,7.5,10.4,15,89,50
4,12.1,14.899999999999999,44,57,66
5,15.7,20.799999999999997,24,98,100
6,9.8,12.100000000000001,30,80,85
7,10.9,13.9,34,76,36
8,16.6,20.6,45,97,70
9,16.1,20.3,33,82,85
