,arrival_time,departure_time,initial_SOC,desired_SOC,battery_capacity
0,6.2,8.3,26,66,77
1,8.1,14.7,24,37,52
2,7.9,10.100000000000001,16,38,66
3,16.9,20.9,29,87,100
4,16.5,23.6,17,95,36
5,16.6,20.400000000000002,44,98,70
6,9.9,12.2,37,47,64
7,6.3,9.4,41,69,100
8,16.0,20.3,33,78,45
9,13.2,15.5,16,86,64
