,arrival_time,departure_time,initial_SOC,desired_SOC,battery_capacity
0,7.8,12.899999999999999,41,96,36
1,10.1,14.399999999999999,46,94,50
2,9.0,12.6,44,81,45
3,7.6,11.7,16,63,50
4,6.6,11.5,18,41,77
5,8.5,14.4,19,83,45
6,8.5,14.8,28,77,36
7,7.7,12.0,34,67,100
8,13.6,17.7,48,78,45
9,13.7,17.9,39,69,77
