,arrival_time,departure_time,initial_SOC,desired_SOC,battery_capacity
0,10.5,15.2,21,73,77
1,9.0,12.3,29,94,66
2,9.2,13.6,29,99,77
3,6.7,10.6,29,46,64
4,8.1,11.1,37,76,77
5,7.4,11.100000000000001,47,63,52
6,10.7,15.1,27,68,36
7,11.1,15.3,38,48,36
8,7.0,11.1,21,77,36
9,8.2,14.799999999999999,47,62,50
